Datetime,Open,High,Low,Close,Adj Close,Volume
2020-09-25 09:15:00+05:30,10910.400390625,10910.400390625,10882.2998046875,10899.400390625,10899.400390625,0
2020-09-25 09:16:00+05:30,10901.849609375,10901.849609375,10888.650390625,10892.5,10892.5,0
2020-09-25 09:17:00+05:30,10891.7001953125,10920.599609375,10891.5498046875,10919.599609375,10919.599609375,0
2020-09-25 09:18:00+05:30,10918.75,10919.5498046875,10914.2001953125,10919.5498046875,10919.5498046875,0
2020-09-25 09:19:00+05:30,10919.75,10925.849609375,10916.599609375,10922.2998046875,10922.2998046875,0
2020-09-25 09:20:00+05:30,10922.0,10931.099609375,10922.0,10925.9501953125,10925.9501953125,0
2020-09-25 09:21:00+05:30,10927.2001953125,10933.0498046875,10922.599609375,10933.0498046875,10933.0498046875,0
2020-09-25 09:22:00+05:30,10935.099609375,10935.099609375,10925.7001953125,10926.7998046875,10926.7998046875,0
2020-09-25 09:23:00+05:30,10926.5498046875,10932.9501953125,10917.9501953125,10917.9501953125,10917.9501953125,0
2020-09-25 09:24:00+05:30,10920.7998046875,10924.400390625,10914.2001953125,10922.9501953125,10922.9501953125,0
2020-09-25 09:25:00+05:30,10923.150390625,10925.2001953125,10915.2998046875,10915.5498046875,10915.5498046875,0
2020-09-25 09:26:00+05:30,10915.2998046875,10918.7001953125,10912.25,10912.400390625,10912.400390625,0
2020-09-25 09:27:00+05:30,10911.7001953125,10915.2998046875,10910.25,10913.7001953125,10913.7001953125,0
2020-09-25 09:28:00+05:30,10912.599609375,10918.099609375,10901.900390625,10902.5,10902.5,0
2020-09-25 09:29:00+05:30,10900.849609375,10908.2998046875,10900.849609375,10905.099609375,10905.099609375,0
2020-09-25 09:30:00+05:30,10905.099609375,10907.75,10894.849609375,10897.25,10897.25,0
2020-09-25 09:31:00+05:30,10897.599609375,10907.0,10892.5498046875,10907.0,10907.0,0
2020-09-25 09:32:00+05:30,10906.75,10924.5,10906.75,10923.349609375,10923.349609375,0
2020-09-25 09:33:00+05:30,10923.7998046875,10930.099609375,10915.849609375,10927.5498046875,10927.5498046875,0
2020-09-25 09:34:00+05:30,10927.5,10938.849609375,10925.900390625,10936.0498046875,10936.0498046875,0
2020-09-25 09:35:00+05:30,10936.849609375,10942.099609375,10932.9501953125,10941.4501953125,10941.4501953125,0
2020-09-25 09:36:00+05:30,10939.9501953125,10944.7001953125,10929.7001953125,10933.099609375,10933.099609375,0
2020-09-25 09:37:00+05:30,10933.5,10934.849609375,10927.7998046875,10932.7998046875,10932.7998046875,0
2020-09-25 09:38:00+05:30,10932.099609375,10938.599609375,10931.4501953125,10937.75,10937.75,0
2020-09-25 09:39:00+05:30,10937.400390625,10942.150390625,10932.900390625,10933.900390625,10933.900390625,0
2020-09-25 09:40:00+05:30,10933.9501953125,10934.599609375,10924.75,10932.0,10932.0,0
2020-09-25 09:41:00+05:30,10931.900390625,10940.0,10931.900390625,10939.4501953125,10939.4501953125,0
2020-09-25 09:42:00+05:30,10938.4501953125,10941.150390625,10935.0498046875,10939.0,10939.0,0
2020-09-25 09:43:00+05:30,10938.25,10939.5,10933.5,10934.599609375,10934.599609375,0
2020-09-25 09:44:00+05:30,10934.099609375,10935.2001953125,10921.7001953125,10924.400390625,10924.400390625,0
2020-09-25 09:45:00+05:30,10924.4501953125,10940.5,10924.4501953125,10939.9501953125,10939.9501953125,0
2020-09-25 09:46:00+05:30,10940.400390625,10940.650390625,10932.7998046875,10933.599609375,10933.599609375,0
2020-09-25 09:47:00+05:30,10933.2998046875,10943.0498046875,10933.25,10942.25,10942.25,0
2020-09-25 09:48:00+05:30,10943.4501953125,10945.2998046875,10939.75,10942.349609375,10942.349609375,0
2020-09-25 09:49:00+05:30,10943.7001953125,10946.2998046875,10934.849609375,10934.849609375,10934.849609375,0
2020-09-25 09:50:00+05:30,10934.900390625,10934.900390625,10926.2998046875,10930.099609375,10930.099609375,0
2020-09-25 09:51:00+05:30,10930.5,10931.0498046875,10923.849609375,10924.25,10924.25,0
2020-09-25 09:52:00+05:30,10925.0,10931.650390625,10924.650390625,10926.849609375,10926.849609375,0
2020-09-25 09:53:00+05:30,10926.900390625,10931.75,10926.099609375,10929.650390625,10929.650390625,0
2020-09-25 09:54:00+05:30,10929.25,10939.2001953125,10928.849609375,10937.650390625,10937.650390625,0
2020-09-25 09:55:00+05:30,10937.900390625,10939.25,10928.400390625,10931.150390625,10931.150390625,0
2020-09-25 09:56:00+05:30,10931.5,10933.0,10927.7001953125,10928.900390625,10928.900390625,0
2020-09-25 09:57:00+05:30,10928.2001953125,10933.75,10928.150390625,10933.5498046875,10933.5498046875,0
2020-09-25 09:58:00+05:30,10933.9501953125,10934.599609375,10925.7998046875,10926.0,10926.0,0
2020-09-25 09:59:00+05:30,10925.2998046875,10925.7998046875,10920.849609375,10923.400390625,10923.400390625,0
2020-09-25 10:00:00+05:30,10923.400390625,10923.4501953125,10913.0498046875,10914.349609375,10914.349609375,0
2020-09-25 10:01:00+05:30,10914.849609375,10916.25,10909.0,10909.0,10909.0,0
2020-09-25 10:02:00+05:30,10908.900390625,10912.5498046875,10908.099609375,10908.099609375,10908.099609375,0
2020-09-25 10:03:00+05:30,10907.75,10915.849609375,10906.650390625,10915.849609375,10915.849609375,0
2020-09-25 10:04:00+05:30,10914.75,10916.7998046875,10906.2001953125,10908.099609375,10908.099609375,0
2020-09-25 10:05:00+05:30,10907.400390625,10907.4501953125,10902.7001953125,10903.150390625,10903.150390625,0
2020-09-25 10:06:00+05:30,10902.4501953125,10902.4501953125,10891.7001953125,10895.349609375,10895.349609375,0
2020-09-25 10:07:00+05:30,10894.5,10897.349609375,10885.650390625,10887.599609375,10887.599609375,0
2020-09-25 10:08:00+05:30,10887.0,10887.849609375,10869.099609375,10880.900390625,10880.900390625,0
2020-09-25 10:09:00+05:30,10880.25,10881.900390625,10873.4501953125,10877.7001953125,10877.7001953125,0
2020-09-25 10:10:00+05:30,10876.5,10877.650390625,10864.7998046875,10870.650390625,10870.650390625,0
2020-09-25 10:11:00+05:30,10870.25,10881.9501953125,10870.25,10880.099609375,10880.099609375,0
2020-09-25 10:12:00+05:30,10881.0,10887.2001953125,10879.9501953125,10880.150390625,10880.150390625,0
2020-09-25 10:13:00+05:30,10879.849609375,10880.599609375,10870.75,10880.099609375,10880.099609375,0
2020-09-25 10:14:00+05:30,10880.0,10888.400390625,10880.0,10884.650390625,10884.650390625,0
2020-09-25 10:15:00+05:30,10885.2001953125,10894.0498046875,10884.2001953125,10890.900390625,10890.900390625,0
2020-09-25 10:16:00+05:30,10890.7998046875,10891.2001953125,10872.400390625,10878.7998046875,10878.7998046875,0
2020-09-25 10:17:00+05:30,10879.7001953125,10879.7001953125,10865.5,10866.75,10866.75,0
2020-09-25 10:18:00+05:30,10867.349609375,10876.0,10863.0498046875,10865.4501953125,10865.4501953125,0
2020-09-25 10:19:00+05:30,10864.7001953125,10870.099609375,10860.2998046875,10862.9501953125,10862.9501953125,0
2020-09-25 10:20:00+05:30,10863.4501953125,10865.849609375,10856.0,10864.400390625,10864.400390625,0
2020-09-25 10:21:00+05:30,10864.0498046875,10872.0498046875,10862.599609375,10871.0498046875,10871.0498046875,0
2020-09-25 10:22:00+05:30,10870.849609375,10877.7001953125,10870.2998046875,10874.650390625,10874.650390625,0
2020-09-25 10:23:00+05:30,10874.0498046875,10878.2998046875,10874.0498046875,10876.5498046875,10876.5498046875,0
2020-09-25 10:24:00+05:30,10876.2001953125,10885.5498046875,10876.2001953125,10879.5,10879.5,0
2020-09-25 10:25:00+05:30,10879.25,10886.2001953125,10879.25,10884.400390625,10884.400390625,0
2020-09-25 10:26:00+05:30,10885.0,10887.650390625,10880.7001953125,10882.2001953125,10882.2001953125,0
2020-09-25 10:27:00+05:30,10881.900390625,10884.75,10881.900390625,10884.5,10884.5,0
2020-09-25 10:28:00+05:30,10884.25,10890.599609375,10884.25,10886.5,10886.5,0
2020-09-25 10:29:00+05:30,10886.7001953125,10900.599609375,10886.349609375,10900.2998046875,10900.2998046875,0
2020-09-25 10:30:00+05:30,10900.75,10914.900390625,10900.75,10914.900390625,10914.900390625,0
2020-09-25 10:31:00+05:30,10914.599609375,10916.650390625,10903.900390625,10906.650390625,10906.650390625,0
2020-09-25 10:32:00+05:30,10906.599609375,10910.9501953125,10906.599609375,10909.2998046875,10909.2998046875,0
2020-09-25 10:33:00+05:30,10909.099609375,10909.400390625,10903.099609375,10903.650390625,10903.650390625,0
2020-09-25 10:34:00+05:30,10904.099609375,10904.900390625,10899.5498046875,10901.5498046875,10901.5498046875,0
2020-09-25 10:35:00+05:30,10903.4501953125,10912.150390625,10903.349609375,10907.849609375,10907.849609375,0
2020-09-25 10:36:00+05:30,10908.400390625,10909.2998046875,10902.25,10905.5498046875,10905.5498046875,0
2020-09-25 10:37:00+05:30,10906.349609375,10909.150390625,10896.5,10898.349609375,10898.349609375,0
2020-09-25 10:38:00+05:30,10898.75,10906.2001953125,10898.75,10904.5,10904.5,0
2020-09-25 10:39:00+05:30,10905.0,10905.2998046875,10895.900390625,10897.9501953125,10897.9501953125,0
2020-09-25 10:40:00+05:30,10897.75,10901.75,10887.099609375,10888.0498046875,10888.0498046875,0
2020-09-25 10:41:00+05:30,10889.150390625,10896.4501953125,10888.900390625,10895.599609375,10895.599609375,0
2020-09-25 10:42:00+05:30,10896.150390625,10897.0,10891.2001953125,10896.900390625,10896.900390625,0
2020-09-25 10:43:00+05:30,10897.5498046875,10897.9501953125,10888.75,10891.349609375,10891.349609375,0
2020-09-25 10:44:00+05:30,10891.2001953125,10892.0,10885.5,10885.9501953125,10885.9501953125,0
2020-09-25 10:45:00+05:30,10885.849609375,10891.150390625,10883.2001953125,10891.150390625,10891.150390625,0
2020-09-25 10:46:00+05:30,10891.099609375,10896.2998046875,10891.099609375,10892.0,10892.0,0
2020-09-25 10:47:00+05:30,10892.2998046875,10901.2998046875,10892.2998046875,10901.099609375,10901.099609375,0
2020-09-25 10:48:00+05:30,10900.7001953125,10901.349609375,10891.150390625,10894.150390625,10894.150390625,0
2020-09-25 10:49:00+05:30,10894.5,10899.75,10893.25,10899.75,10899.75,0
2020-09-25 10:50:00+05:30,10900.0498046875,10907.0,10899.25,10901.7001953125,10901.7001953125,0
2020-09-25 10:51:00+05:30,10901.650390625,10905.25,10900.4501953125,10901.5498046875,10901.5498046875,0
2020-09-25 10:52:00+05:30,10901.349609375,10902.75,10896.0498046875,10896.9501953125,10896.9501953125,0
2020-09-25 10:53:00+05:30,10896.150390625,10896.9501953125,10891.75,10896.5,10896.5,0
2020-09-25 10:54:00+05:30,10896.2998046875,10898.2998046875,10895.099609375,10896.400390625,10896.400390625,0
2020-09-25 10:55:00+05:30,10896.5,10896.75,10889.599609375,10890.150390625,10890.150390625,0
2020-09-25 10:56:00+05:30,10890.0,10895.0,10890.0,10894.0498046875,10894.0498046875,0
2020-09-25 10:57:00+05:30,10893.4501953125,10897.2001953125,10886.7998046875,10895.349609375,10895.349609375,0
2020-09-25 10:58:00+05:30,10894.900390625,10899.900390625,10894.900390625,10897.400390625,10897.400390625,0
2020-09-25 10:59:00+05:30,10897.150390625,10897.150390625,10889.7998046875,10893.900390625,10893.900390625,0
2020-09-25 11:00:00+05:30,10894.599609375,10895.650390625,10891.900390625,10894.650390625,10894.650390625,0
2020-09-25 11:01:00+05:30,10894.7001953125,10898.4501953125,10892.599609375,10898.4501953125,10898.4501953125,0
2020-09-25 11:02:00+05:30,10898.25,10899.150390625,10893.9501953125,10895.7001953125,10895.7001953125,0
2020-09-25 11:03:00+05:30,10895.349609375,10900.099609375,10895.099609375,10899.4501953125,10899.4501953125,0
2020-09-25 11:04:00+05:30,10900.099609375,10905.7001953125,10897.650390625,10904.5,10904.5,0
2020-09-25 11:05:00+05:30,10904.4501953125,10906.4501953125,10899.4501953125,10900.75,10900.75,0
2020-09-25 11:06:00+05:30,10901.4501953125,10911.599609375,10901.4501953125,10908.099609375,10908.099609375,0
2020-09-25 11:07:00+05:30,10908.650390625,10916.5,10908.150390625,10916.5,10916.5,0
2020-09-25 11:08:00+05:30,10916.150390625,10917.099609375,10913.150390625,10915.9501953125,10915.9501953125,0
2020-09-25 11:09:00+05:30,10915.7001953125,10916.599609375,10909.2998046875,10914.849609375,10914.849609375,0
2020-09-25 11:10:00+05:30,10914.5498046875,10918.9501953125,10914.5498046875,10916.599609375,10916.599609375,0
2020-09-25 11:11:00+05:30,10917.2998046875,10917.2998046875,10914.599609375,10916.4501953125,10916.4501953125,0
2020-09-25 11:12:00+05:30,10916.099609375,10921.900390625,10913.9501953125,10920.0498046875,10920.0498046875,0
2020-09-25 11:13:00+05:30,10920.0498046875,10921.099609375,10913.25,10914.25,10914.25,0
2020-09-25 11:14:00+05:30,10914.2001953125,10919.5498046875,10914.2001953125,10918.5498046875,10918.5498046875,0
2020-09-25 11:15:00+05:30,10918.4501953125,10922.900390625,10918.4501953125,10918.75,10918.75,0
2020-09-25 11:16:00+05:30,10918.599609375,10919.599609375,10908.4501953125,10909.349609375,10909.349609375,0
2020-09-25 11:17:00+05:30,10908.599609375,10912.7001953125,10908.599609375,10912.150390625,10912.150390625,0
2020-09-25 11:18:00+05:30,10912.5498046875,10916.7998046875,10906.650390625,10906.7998046875,10906.7998046875,0
2020-09-25 11:19:00+05:30,10906.25,10912.5498046875,10906.25,10911.2001953125,10911.2001953125,0
2020-09-25 11:20:00+05:30,10910.7001953125,10911.5,10905.849609375,10910.099609375,10910.099609375,0
2020-09-25 11:21:00+05:30,10909.900390625,10909.900390625,10904.7001953125,10904.7998046875,10904.7998046875,0
2020-09-25 11:22:00+05:30,10904.900390625,10912.099609375,10904.599609375,10908.0,10908.0,0
2020-09-25 11:23:00+05:30,10907.900390625,10913.599609375,10907.900390625,10912.349609375,10912.349609375,0
2020-09-25 11:24:00+05:30,10912.900390625,10927.900390625,10912.0498046875,10927.2998046875,10927.2998046875,0
2020-09-25 11:25:00+05:30,10927.849609375,10929.9501953125,10924.4501953125,10927.7001953125,10927.7001953125,0
2020-09-25 11:26:00+05:30,10927.849609375,10930.5498046875,10926.0,10926.4501953125,10926.4501953125,0
2020-09-25 11:27:00+05:30,10927.150390625,10948.150390625,10927.150390625,10948.150390625,10948.150390625,0
2020-09-25 11:28:00+05:30,10947.7998046875,10950.25,10937.849609375,10937.849609375,10937.849609375,0
2020-09-25 11:29:00+05:30,10937.2001953125,10939.75,10934.5,10934.5,10934.5,0
2020-09-25 11:30:00+05:30,10934.650390625,10937.25,10930.75,10931.4501953125,10931.4501953125,0
2020-09-25 11:31:00+05:30,10931.7998046875,10934.4501953125,10927.7998046875,10928.400390625,10928.400390625,0
2020-09-25 11:32:00+05:30,10928.2998046875,10936.400390625,10928.2998046875,10931.150390625,10931.150390625,0
2020-09-25 11:33:00+05:30,10931.650390625,10935.7998046875,10930.25,10935.0498046875,10935.0498046875,0
2020-09-25 11:34:00+05:30,10934.0,10937.349609375,10932.0498046875,10933.099609375,10933.099609375,0
2020-09-25 11:35:00+05:30,10932.650390625,10933.5498046875,10921.25,10921.25,10921.25,0
2020-09-25 11:36:00+05:30,10922.25,10922.2998046875,10916.349609375,10917.7001953125,10917.7001953125,0
2020-09-25 11:37:00+05:30,10917.5,10919.599609375,10917.0,10918.900390625,10918.900390625,0
2020-09-25 11:38:00+05:30,10918.4501953125,10919.849609375,10914.5,10915.349609375,10915.349609375,0
2020-09-25 11:39:00+05:30,10914.849609375,10926.2001953125,10914.349609375,10925.849609375,10925.849609375,0
2020-09-25 11:40:00+05:30,10925.5498046875,10926.4501953125,10918.900390625,10919.25,10919.25,0
2020-09-25 11:41:00+05:30,10918.2001953125,10922.650390625,10917.650390625,10921.2998046875,10921.2998046875,0
2020-09-25 11:42:00+05:30,10920.4501953125,10921.4501953125,10914.4501953125,10915.900390625,10915.900390625,0
2020-09-25 11:43:00+05:30,10915.349609375,10920.0498046875,10914.650390625,10916.9501953125,10916.9501953125,0
2020-09-25 11:44:00+05:30,10916.4501953125,10916.4501953125,10911.9501953125,10915.75,10915.75,0
2020-09-25 11:45:00+05:30,10916.150390625,10916.5,10907.2998046875,10909.650390625,10909.650390625,0
2020-09-25 11:46:00+05:30,10910.5498046875,10916.0,10910.5498046875,10912.75,10912.75,0
2020-09-25 11:47:00+05:30,10913.5498046875,10918.349609375,10912.900390625,10917.900390625,10917.900390625,0
2020-09-25 11:48:00+05:30,10918.0,10919.099609375,10915.5,10917.9501953125,10917.9501953125,0
2020-09-25 11:49:00+05:30,10918.0498046875,10924.599609375,10917.599609375,10924.599609375,10924.599609375,0
2020-09-25 11:50:00+05:30,10924.2001953125,10924.2001953125,10919.9501953125,10920.599609375,10920.599609375,0
2020-09-25 11:51:00+05:30,10920.75,10930.2001953125,10920.349609375,10925.9501953125,10925.9501953125,0
2020-09-25 11:52:00+05:30,10926.2998046875,10931.75,10925.900390625,10931.75,10931.75,0
2020-09-25 11:53:00+05:30,10931.7001953125,10933.7001953125,10929.400390625,10931.0498046875,10931.0498046875,0
2020-09-25 11:54:00+05:30,10931.349609375,10936.2998046875,10930.2001953125,10934.7001953125,10934.7001953125,0
2020-09-25 11:55:00+05:30,10934.650390625,10935.25,10926.2998046875,10928.0498046875,10928.0498046875,0
2020-09-25 11:56:00+05:30,10928.0,10932.7998046875,10925.9501953125,10932.7998046875,10932.7998046875,0
2020-09-25 11:57:00+05:30,10933.2001953125,10934.599609375,10930.650390625,10931.7001953125,10931.7001953125,0
2020-09-25 11:58:00+05:30,10931.5498046875,10935.599609375,10931.2998046875,10933.849609375,10933.849609375,0
2020-09-25 11:59:00+05:30,10934.5,10938.849609375,10932.5498046875,10932.849609375,10932.849609375,0
2020-09-25 12:00:00+05:30,10932.849609375,10939.349609375,10932.849609375,10938.900390625,10938.900390625,0
2020-09-25 12:01:00+05:30,10938.650390625,10942.849609375,10938.4501953125,10939.4501953125,10939.4501953125,0
2020-09-25 12:02:00+05:30,10939.849609375,10946.7998046875,10939.599609375,10946.400390625,10946.400390625,0
2020-09-25 12:03:00+05:30,10946.5498046875,10946.849609375,10939.349609375,10939.9501953125,10939.9501953125,0
2020-09-25 12:04:00+05:30,10940.0498046875,10940.400390625,10933.150390625,10933.599609375,10933.599609375,0
2020-09-25 12:05:00+05:30,10933.400390625,10934.0,10926.9501953125,10930.5498046875,10930.5498046875,0
2020-09-25 12:06:00+05:30,10930.7998046875,10940.4501953125,10930.7998046875,10939.400390625,10939.400390625,0
2020-09-25 12:07:00+05:30,10940.2001953125,10948.0498046875,10939.75,10948.0498046875,10948.0498046875,0
2020-09-25 12:08:00+05:30,10947.849609375,10957.75,10947.75,10951.7998046875,10951.7998046875,0
2020-09-25 12:09:00+05:30,10951.650390625,10957.0498046875,10950.75,10956.75,10956.75,0
2020-09-25 12:10:00+05:30,10956.75,10965.599609375,10956.75,10965.599609375,10965.599609375,0
2020-09-25 12:11:00+05:30,10965.0,10968.150390625,10960.150390625,10968.150390625,10968.150390625,0
2020-09-25 12:12:00+05:30,10968.4501953125,10971.150390625,10959.75,10960.0498046875,10960.0498046875,0
2020-09-25 12:13:00+05:30,10960.650390625,10965.5,10960.650390625,10962.0,10962.0,0
2020-09-25 12:14:00+05:30,10961.7998046875,10976.5498046875,10961.7998046875,10976.5498046875,10976.5498046875,0
2020-09-25 12:15:00+05:30,10975.4501953125,10986.7001953125,10975.4501953125,10978.599609375,10978.599609375,0
2020-09-25 12:16:00+05:30,10978.900390625,10980.4501953125,10975.400390625,10980.4501953125,10980.4501953125,0
2020-09-25 12:17:00+05:30,10979.900390625,10985.5,10977.5498046875,10983.75,10983.75,0
2020-09-25 12:18:00+05:30,10984.0498046875,10990.849609375,10984.0498046875,10986.25,10986.25,0
2020-09-25 12:19:00+05:30,10986.0498046875,10986.099609375,10977.7998046875,10978.349609375,10978.349609375,0
2020-09-25 12:20:00+05:30,10978.0,11004.7001953125,10976.0,11004.7001953125,11004.7001953125,0
2020-09-25 12:21:00+05:30,11002.349609375,11002.349609375,10994.849609375,10998.650390625,10998.650390625,0
2020-09-25 12:22:00+05:30,10998.2998046875,11006.2998046875,10998.2998046875,11002.0,11002.0,0
2020-09-25 12:23:00+05:30,11001.849609375,11001.849609375,10990.75,10991.9501953125,10991.9501953125,0
2020-09-25 12:24:00+05:30,10991.4501953125,10995.400390625,10990.25,10992.599609375,10992.599609375,0
2020-09-25 12:25:00+05:30,10993.0498046875,10993.0498046875,10981.2998046875,10988.9501953125,10988.9501953125,0
2020-09-25 12:26:00+05:30,10989.25,10994.0498046875,10989.25,10992.7998046875,10992.7998046875,0
2020-09-25 12:27:00+05:30,10992.900390625,11011.2998046875,10992.7998046875,11007.7001953125,11007.7001953125,0
2020-09-25 12:28:00+05:30,11007.2998046875,11008.599609375,10997.5498046875,11004.2001953125,11004.2001953125,0
2020-09-25 12:29:00+05:30,11004.2001953125,11005.2001953125,10998.0498046875,10999.849609375,10999.849609375,0
2020-09-25 12:30:00+05:30,10999.2001953125,11003.849609375,10994.099609375,10994.099609375,10994.099609375,0
2020-09-25 12:31:00+05:30,10993.400390625,10998.5,10990.7998046875,10991.0,10991.0,0
2020-09-25 12:32:00+05:30,10990.75,10991.75,10980.0498046875,10981.4501953125,10981.4501953125,0
2020-09-25 12:33:00+05:30,10980.9501953125,10982.75,10973.400390625,10974.75,10974.75,0
2020-09-25 12:34:00+05:30,10974.2998046875,10979.9501953125,10967.2001953125,10967.599609375,10967.599609375,0
2020-09-25 12:35:00+05:30,10967.0,10973.2998046875,10967.0,10971.0498046875,10971.0498046875,0
2020-09-25 12:36:00+05:30,10971.400390625,10977.2998046875,10965.599609375,10976.5,10976.5,0
2020-09-25 12:37:00+05:30,10976.099609375,10979.599609375,10970.650390625,10979.599609375,10979.599609375,0
2020-09-25 12:38:00+05:30,10979.25,10979.25,10970.9501953125,10973.5498046875,10973.5498046875,0
2020-09-25 12:39:00+05:30,10973.0498046875,10987.7001953125,10972.900390625,10987.0498046875,10987.0498046875,0
2020-09-25 12:40:00+05:30,10986.7998046875,10993.2998046875,10986.7998046875,10989.150390625,10989.150390625,0
2020-09-25 12:41:00+05:30,10988.7001953125,10989.150390625,10982.5,10982.5,10982.5,0
2020-09-25 12:42:00+05:30,10982.349609375,10996.9501953125,10982.349609375,10994.75,10994.75,0
2020-09-25 12:43:00+05:30,10994.400390625,10999.0498046875,10993.0498046875,10993.2998046875,10993.2998046875,0
2020-09-25 12:44:00+05:30,10992.7001953125,11005.2998046875,10990.599609375,10999.650390625,10999.650390625,0
2020-09-25 12:45:00+05:30,11000.0,11003.75,10997.0,10997.349609375,10997.349609375,0
2020-09-25 12:46:00+05:30,10996.349609375,10997.2001953125,10988.5,10988.650390625,10988.650390625,0
2020-09-25 12:47:00+05:30,10988.849609375,10999.099609375,10988.849609375,10996.150390625,10996.150390625,0
2020-09-25 12:48:00+05:30,10996.349609375,11003.349609375,10996.349609375,11000.7001953125,11000.7001953125,0
2020-09-25 12:49:00+05:30,11000.099609375,11000.5498046875,10993.5498046875,10993.5498046875,10993.5498046875,0
2020-09-25 12:50:00+05:30,10993.2998046875,11001.0,10992.849609375,10996.150390625,10996.150390625,0
2020-09-25 12:51:00+05:30,10996.0,10996.2998046875,10987.900390625,10988.2998046875,10988.2998046875,0
2020-09-25 12:52:00+05:30,10988.650390625,10989.900390625,10983.400390625,10989.599609375,10989.599609375,0
2020-09-25 12:53:00+05:30,10989.4501953125,10997.650390625,10989.099609375,10997.650390625,10997.650390625,0
2020-09-25 12:54:00+05:30,10999.2001953125,11000.849609375,10996.599609375,10999.0498046875,10999.0498046875,0
2020-09-25 12:55:00+05:30,10999.25,11003.900390625,10994.7998046875,10995.7998046875,10995.7998046875,0
2020-09-25 12:56:00+05:30,10995.0,10998.400390625,10988.75,10989.4501953125,10989.4501953125,0
2020-09-25 12:57:00+05:30,10989.2001953125,10991.650390625,10986.25,10988.0498046875,10988.0498046875,0
2020-09-25 12:58:00+05:30,10989.4501953125,10999.650390625,10989.4501953125,10996.0,10996.0,0
2020-09-25 12:59:00+05:30,10996.650390625,10997.900390625,10994.5,10997.900390625,10997.900390625,0
2020-09-25 13:00:00+05:30,10997.7998046875,10998.400390625,10991.599609375,10993.0498046875,10993.0498046875,0
2020-09-25 13:01:00+05:30,10993.599609375,10998.2998046875,10993.25,10995.400390625,10995.400390625,0
2020-09-25 13:02:00+05:30,10994.7998046875,10996.900390625,10992.150390625,10995.650390625,10995.650390625,0
2020-09-25 13:03:00+05:30,10994.25,10995.900390625,10987.5,10987.7001953125,10987.7001953125,0
2020-09-25 13:04:00+05:30,10987.650390625,10992.0,10987.0,10991.0498046875,10991.0498046875,0
2020-09-25 13:05:00+05:30,10990.599609375,10991.150390625,10980.349609375,10989.5,10989.5,0
2020-09-25 13:06:00+05:30,10989.400390625,10990.5498046875,10984.150390625,10986.7001953125,10986.7001953125,0
2020-09-25 13:07:00+05:30,10986.349609375,10987.5498046875,10984.099609375,10985.5498046875,10985.5498046875,0
2020-09-25 13:08:00+05:30,10985.7001953125,10996.0498046875,10985.7001953125,10994.5,10994.5,0
2020-09-25 13:09:00+05:30,10994.650390625,10996.75,10992.7001953125,10994.9501953125,10994.9501953125,0
2020-09-25 13:10:00+05:30,10995.0,11002.0,10989.0,10989.0,10989.0,0
2020-09-25 13:11:00+05:30,10990.9501953125,10995.2998046875,10990.0,10991.5498046875,10991.5498046875,0
2020-09-25 13:12:00+05:30,10990.900390625,10993.400390625,10985.400390625,10987.7001953125,10987.7001953125,0
2020-09-25 13:13:00+05:30,10987.7001953125,10988.25,10976.400390625,10978.7998046875,10978.7998046875,0
2020-09-25 13:14:00+05:30,10978.650390625,10984.0498046875,10978.650390625,10981.150390625,10981.150390625,0
2020-09-25 13:15:00+05:30,10980.7998046875,10980.7998046875,10969.9501953125,10975.5498046875,10975.5498046875,0
2020-09-25 13:16:00+05:30,10976.75,10976.7998046875,10969.400390625,10969.4501953125,10969.4501953125,0
2020-09-25 13:17:00+05:30,10968.9501953125,10973.400390625,10968.9501953125,10972.75,10972.75,0
2020-09-25 13:18:00+05:30,10972.5,10972.7998046875,10961.25,10966.5498046875,10966.5498046875,0
2020-09-25 13:19:00+05:30,10966.5,10968.9501953125,10965.400390625,10966.650390625,10966.650390625,0
2020-09-25 13:20:00+05:30,10966.5,10984.349609375,10966.5,10984.349609375,10984.349609375,0
2020-09-25 13:21:00+05:30,10984.0498046875,10991.099609375,10984.0498046875,10988.5,10988.5,0
2020-09-25 13:22:00+05:30,10989.0,10994.2001953125,10987.7001953125,10988.150390625,10988.150390625,0
2020-09-25 13:23:00+05:30,10988.0498046875,10990.5,10981.0,10983.150390625,10983.150390625,0
2020-09-25 13:24:00+05:30,10983.900390625,10984.7001953125,10978.0,10984.7001953125,10984.7001953125,0
2020-09-25 13:25:00+05:30,10985.0498046875,10990.0,10984.650390625,10985.75,10985.75,0
2020-09-25 13:26:00+05:30,10984.75,10990.349609375,10982.2001953125,10990.349609375,10990.349609375,0
2020-09-25 13:27:00+05:30,10990.849609375,10991.900390625,10985.9501953125,10986.75,10986.75,0
2020-09-25 13:28:00+05:30,10987.25,10993.349609375,10986.150390625,10992.9501953125,10992.9501953125,0
2020-09-25 13:29:00+05:30,10992.7998046875,11000.2998046875,10991.4501953125,10997.4501953125,10997.4501953125,0
2020-09-25 13:30:00+05:30,10997.0,11007.099609375,10997.0,10999.2001953125,10999.2001953125,0
2020-09-25 13:31:00+05:30,10999.400390625,11004.849609375,10999.25,11001.7001953125,11001.7001953125,0
2020-09-25 13:32:00+05:30,11002.0,11005.099609375,10999.7001953125,11000.0,11000.0,0
2020-09-25 13:33:00+05:30,10999.5,11001.25,10989.7001953125,10993.099609375,10993.099609375,0
2020-09-25 13:34:00+05:30,10993.400390625,10997.5498046875,10992.2001953125,10994.25,10994.25,0
2020-09-25 13:35:00+05:30,10994.4501953125,10994.599609375,10985.0498046875,10987.4501953125,10987.4501953125,0
2020-09-25 13:36:00+05:30,10987.25,10988.400390625,10982.349609375,10986.099609375,10986.099609375,0
2020-09-25 13:37:00+05:30,10986.349609375,10990.650390625,10978.900390625,10982.150390625,10982.150390625,0
2020-09-25 13:38:00+05:30,10982.150390625,10982.150390625,10971.900390625,10972.099609375,10972.099609375,0
2020-09-25 13:39:00+05:30,10972.400390625,10978.7998046875,10972.2001953125,10977.4501953125,10977.4501953125,0
2020-09-25 13:40:00+05:30,10977.599609375,10978.7998046875,10974.650390625,10977.4501953125,10977.4501953125,0
2020-09-25 13:41:00+05:30,10977.349609375,10977.7998046875,10960.5498046875,10967.400390625,10967.400390625,0
2020-09-25 13:42:00+05:30,10967.099609375,10971.2998046875,10966.4501953125,10966.599609375,10966.599609375,0
2020-09-25 13:43:00+05:30,10965.75,10970.7001953125,10965.25,10968.75,10968.75,0
2020-09-25 13:44:00+05:30,10968.150390625,10974.5498046875,10967.599609375,10973.400390625,10973.400390625,0
2020-09-25 13:45:00+05:30,10973.25,10973.599609375,10964.150390625,10967.400390625,10967.400390625,0
2020-09-25 13:46:00+05:30,10966.5,10987.099609375,10966.5,10987.0,10987.0,0
2020-09-25 13:47:00+05:30,10987.349609375,10995.7998046875,10984.150390625,10988.349609375,10988.349609375,0
2020-09-25 13:48:00+05:30,10987.150390625,10988.0498046875,10982.25,10982.5,10982.5,0
2020-09-25 13:49:00+05:30,10982.7001953125,10987.2001953125,10980.150390625,10980.150390625,10980.150390625,0
2020-09-25 13:50:00+05:30,10980.599609375,10980.75,10976.2001953125,10978.400390625,10978.400390625,0
2020-09-25 13:51:00+05:30,10978.349609375,10983.9501953125,10978.2001953125,10980.25,10980.25,0
2020-09-25 13:52:00+05:30,10980.2998046875,10984.7998046875,10980.25,10981.099609375,10981.099609375,0
2020-09-25 13:53:00+05:30,10981.25,10982.5,10978.900390625,10978.900390625,10978.900390625,0
2020-09-25 13:54:00+05:30,10979.099609375,10980.099609375,10970.599609375,10971.150390625,10971.150390625,0
2020-09-25 13:55:00+05:30,10971.0498046875,10976.7001953125,10965.849609375,10975.900390625,10975.900390625,0
2020-09-25 13:56:00+05:30,10977.4501953125,10986.599609375,10977.4501953125,10984.9501953125,10984.9501953125,0
2020-09-25 13:57:00+05:30,10984.5498046875,10991.0,10981.900390625,10983.0498046875,10983.0498046875,0
2020-09-25 13:58:00+05:30,10982.9501953125,10984.9501953125,10982.9501953125,10984.4501953125,10984.4501953125,0
2020-09-25 13:59:00+05:30,10983.400390625,10983.400390625,10981.0498046875,10981.5,10981.5,0
2020-09-25 14:00:00+05:30,10979.900390625,10982.4501953125,10979.2998046875,10982.4501953125,10982.4501953125,0
2020-09-25 14:01:00+05:30,10982.7001953125,10988.4501953125,10982.099609375,10988.4501953125,10988.4501953125,0
2020-09-25 14:02:00+05:30,10988.5498046875,10992.0,10987.0,10987.0,10987.0,0
2020-09-25 14:03:00+05:30,10986.9501953125,10987.650390625,10983.0,10986.849609375,10986.849609375,0
2020-09-25 14:04:00+05:30,10987.0,10987.75,10983.4501953125,10987.650390625,10987.650390625,0
2020-09-25 14:05:00+05:30,10987.2001953125,10998.849609375,10987.0498046875,10994.7998046875,10994.7998046875,0
2020-09-25 14:06:00+05:30,10995.0,10996.0,10989.150390625,10992.099609375,10992.099609375,0
2020-09-25 14:07:00+05:30,10992.25,10994.150390625,10990.7001953125,10994.0498046875,10994.0498046875,0
2020-09-25 14:08:00+05:30,10994.2001953125,10994.400390625,10989.5,10989.75,10989.75,0
2020-09-25 14:09:00+05:30,10989.2998046875,10997.150390625,10989.099609375,10997.150390625,10997.150390625,0
2020-09-25 14:10:00+05:30,10997.4501953125,11018.9501953125,10997.4501953125,11018.9501953125,11018.9501953125,0
2020-09-25 14:11:00+05:30,11023.25,11029.7998046875,11020.349609375,11024.599609375,11024.599609375,0
2020-09-25 14:12:00+05:30,11022.2001953125,11022.2001953125,11013.25,11018.400390625,11018.400390625,0
2020-09-25 14:13:00+05:30,11019.150390625,11019.900390625,11015.75,11019.2998046875,11019.2998046875,0
2020-09-25 14:14:00+05:30,11018.75,11027.150390625,11015.75,11024.5,11024.5,0
2020-09-25 14:15:00+05:30,11024.7001953125,11038.25,11024.650390625,11033.349609375,11033.349609375,0
2020-09-25 14:16:00+05:30,11034.2001953125,11034.349609375,11031.4501953125,11032.900390625,11032.900390625,0
2020-09-25 14:17:00+05:30,11032.400390625,11037.349609375,11028.650390625,11037.349609375,11037.349609375,0
2020-09-25 14:18:00+05:30,11037.599609375,11037.7001953125,11025.0498046875,11025.599609375,11025.599609375,0
2020-09-25 14:19:00+05:30,11025.900390625,11025.900390625,11016.0498046875,11022.0,11022.0,0
2020-09-25 14:20:00+05:30,11022.0,11037.5498046875,11022.0,11031.7998046875,11031.7998046875,0
2020-09-25 14:21:00+05:30,11031.5,11034.400390625,11030.2001953125,11034.400390625,11034.400390625,0
2020-09-25 14:22:00+05:30,11034.7001953125,11036.7998046875,11025.150390625,11027.4501953125,11027.4501953125,0
2020-09-25 14:23:00+05:30,11027.349609375,11032.7001953125,11025.900390625,11026.2998046875,11026.2998046875,0
2020-09-25 14:24:00+05:30,11026.599609375,11039.400390625,11026.599609375,11032.0,11032.0,0
2020-09-25 14:25:00+05:30,11031.599609375,11036.7001953125,11031.099609375,11036.7001953125,11036.7001953125,0
2020-09-25 14:26:00+05:30,11037.2998046875,11049.25,11037.2998046875,11044.349609375,11044.349609375,0
2020-09-25 14:27:00+05:30,11044.2998046875,11044.650390625,11037.9501953125,11038.849609375,11038.849609375,0
2020-09-25 14:28:00+05:30,11038.0498046875,11040.150390625,11033.25,11034.0498046875,11034.0498046875,0
2020-09-25 14:29:00+05:30,11034.849609375,11048.5,11034.0498046875,11048.5,11048.5,0
2020-09-25 14:30:00+05:30,11048.2001953125,11049.5498046875,11043.400390625,11045.150390625,11045.150390625,0
2020-09-25 14:31:00+05:30,11044.650390625,11047.25,11042.849609375,11044.2998046875,11044.2998046875,0
2020-09-25 14:32:00+05:30,11044.400390625,11046.099609375,11039.7998046875,11040.2998046875,11040.2998046875,0
2020-09-25 14:33:00+05:30,11040.25,11040.5,11028.5498046875,11028.650390625,11028.650390625,0
2020-09-25 14:34:00+05:30,11028.400390625,11032.5,11025.5,11025.7998046875,11025.7998046875,0
2020-09-25 14:35:00+05:30,11026.650390625,11038.599609375,11026.5498046875,11035.2998046875,11035.2998046875,0
2020-09-25 14:36:00+05:30,11035.2001953125,11039.599609375,11032.0498046875,11032.0498046875,11032.0498046875,0
2020-09-25 14:37:00+05:30,11031.599609375,11039.349609375,11029.5,11038.099609375,11038.099609375,0
2020-09-25 14:38:00+05:30,11038.2001953125,11043.0498046875,11038.2001953125,11040.7998046875,11040.7998046875,0
2020-09-25 14:39:00+05:30,11038.900390625,11040.5,11036.9501953125,11039.099609375,11039.099609375,0
2020-09-25 14:40:00+05:30,11039.7001953125,11060.900390625,11039.7001953125,11057.7998046875,11057.7998046875,0
2020-09-25 14:41:00+05:30,11057.099609375,11064.25,11057.099609375,11060.900390625,11060.900390625,0
2020-09-25 14:42:00+05:30,11060.2998046875,11063.9501953125,11056.0,11058.0498046875,11058.0498046875,0
2020-09-25 14:43:00+05:30,11057.849609375,11062.400390625,11056.599609375,11059.4501953125,11059.4501953125,0
2020-09-25 14:44:00+05:30,11060.099609375,11065.099609375,11057.75,11058.7998046875,11058.7998046875,0
2020-09-25 14:45:00+05:30,11058.650390625,11072.099609375,11058.099609375,11067.099609375,11067.099609375,0
2020-09-25 14:46:00+05:30,11067.5498046875,11068.349609375,11061.75,11066.599609375,11066.599609375,0
2020-09-25 14:47:00+05:30,11066.349609375,11072.2001953125,11064.0,11064.2998046875,11064.2998046875,0
2020-09-25 14:48:00+05:30,11065.2001953125,11066.9501953125,11051.7998046875,11055.25,11055.25,0
2020-09-25 14:49:00+05:30,11058.5498046875,11061.400390625,11057.2998046875,11058.0,11058.0,0
2020-09-25 14:50:00+05:30,11058.099609375,11059.2998046875,11052.5498046875,11056.4501953125,11056.4501953125,0
2020-09-25 14:51:00+05:30,11056.9501953125,11063.900390625,11056.2998046875,11056.5498046875,11056.5498046875,0
2020-09-25 14:52:00+05:30,11055.7998046875,11056.0498046875,11045.400390625,11048.4501953125,11048.4501953125,0
2020-09-25 14:53:00+05:30,11047.75,11049.2998046875,11043.599609375,11044.5,11044.5,0
2020-09-25 14:54:00+05:30,11043.9501953125,11049.4501953125,11041.2001953125,11049.4501953125,11049.4501953125,0
2020-09-25 14:55:00+05:30,11050.4501953125,11060.0,11050.4501953125,11056.25,11056.25,0
2020-09-25 14:56:00+05:30,11056.150390625,11064.150390625,11054.099609375,11062.0,11062.0,0
2020-09-25 14:57:00+05:30,11062.7998046875,11063.5,11057.0498046875,11058.5498046875,11058.5498046875,0
2020-09-25 14:58:00+05:30,11058.0498046875,11060.5,11048.2001953125,11049.599609375,11049.599609375,0
2020-09-25 14:59:00+05:30,11049.349609375,11055.0,11049.2998046875,11052.7001953125,11052.7001953125,0
2020-09-25 15:00:00+05:30,11051.900390625,11052.2001953125,11038.9501953125,11045.5498046875,11045.5498046875,0
2020-09-25 15:01:00+05:30,11045.599609375,11047.75,11043.0498046875,11043.0498046875,11043.0498046875,0
2020-09-25 15:02:00+05:30,11042.7998046875,11043.099609375,11029.900390625,11037.349609375,11037.349609375,0
2020-09-25 15:03:00+05:30,11038.2001953125,11039.4501953125,11031.5,11032.7998046875,11032.7998046875,0
2020-09-25 15:04:00+05:30,11032.9501953125,11048.650390625,11032.9501953125,11048.650390625,11048.650390625,0
2020-09-25 15:05:00+05:30,11048.9501953125,11057.599609375,11048.9501953125,11055.5498046875,11055.5498046875,0
2020-09-25 15:06:00+05:30,11055.099609375,11055.849609375,11049.150390625,11055.0,11055.0,0
2020-09-25 15:07:00+05:30,11055.099609375,11064.25,11052.0,11062.0,11062.0,0
2020-09-25 15:08:00+05:30,11060.900390625,11062.2998046875,11052.900390625,11054.2998046875,11054.2998046875,0
2020-09-25 15:09:00+05:30,11054.0498046875,11059.2998046875,11053.2001953125,11054.25,11054.25,0
2020-09-25 15:10:00+05:30,11053.7001953125,11064.599609375,11053.7001953125,11062.400390625,11062.400390625,0
2020-09-25 15:11:00+05:30,11061.849609375,11065.349609375,11056.0498046875,11056.400390625,11056.400390625,0
2020-09-25 15:12:00+05:30,11056.4501953125,11059.400390625,11053.349609375,11055.2998046875,11055.2998046875,0
2020-09-25 15:13:00+05:30,11055.7001953125,11057.349609375,11051.75,11052.400390625,11052.400390625,0
2020-09-25 15:14:00+05:30,11053.349609375,11059.0498046875,11052.7001953125,11055.9501953125,11055.9501953125,0
2020-09-25 15:15:00+05:30,11056.150390625,11056.150390625,11044.849609375,11046.099609375,11046.099609375,0
2020-09-25 15:16:00+05:30,11045.349609375,11049.0,11044.5,11047.150390625,11047.150390625,0
2020-09-25 15:17:00+05:30,11046.7998046875,11054.349609375,11046.599609375,11050.5498046875,11050.5498046875,0
2020-09-25 15:18:00+05:30,11051.0498046875,11054.7001953125,11047.150390625,11048.25,11048.25,0
2020-09-25 15:19:00+05:30,11047.7998046875,11052.349609375,11047.7998046875,11050.099609375,11050.099609375,0
2020-09-25 15:20:00+05:30,11050.2001953125,11057.5,11047.7998046875,11052.900390625,11052.900390625,0
2020-09-25 15:21:00+05:30,11053.75,11064.599609375,11052.4501953125,11059.25,11059.25,0
2020-09-25 15:22:00+05:30,11058.900390625,11060.7001953125,11046.349609375,11049.25,11049.25,0
2020-09-25 15:23:00+05:30,11049.25,11051.349609375,11047.0,11047.0,11047.0,0
2020-09-25 15:24:00+05:30,11047.349609375,11048.849609375,11044.0498046875,11044.5,11044.5,0
2020-09-25 15:25:00+05:30,11044.900390625,11046.650390625,11040.349609375,11040.5498046875,11040.5498046875,0
2020-09-25 15:26:00+05:30,11040.2998046875,11042.2998046875,11040.2998046875,11041.5,11041.5,0
2020-09-25 15:27:00+05:30,11042.4501953125,11043.75,11039.849609375,11040.25,11040.25,0
2020-09-25 15:28:00+05:30,11040.7998046875,11040.849609375,11036.5498046875,11037.650390625,11037.650390625,0
2020-09-25 15:29:00+05:30,11036.75,11039.0498046875,11032.9501953125,11035.7998046875,11035.7998046875,0
2020-09-28 09:15:00+05:30,11140.849609375,11140.849609375,11104.2998046875,11116.25,11116.25,0
2020-09-28 09:16:00+05:30,11117.2998046875,11117.900390625,11103.650390625,11111.599609375,11111.599609375,0
2020-09-28 09:17:00+05:30,11111.75,11111.9501953125,11102.599609375,11105.650390625,11105.650390625,0
2020-09-28 09:18:00+05:30,11105.25,11107.599609375,11100.5,11105.900390625,11105.900390625,0
2020-09-28 09:19:00+05:30,11106.349609375,11113.2998046875,11102.0498046875,11113.2998046875,11113.2998046875,0
2020-09-28 09:20:00+05:30,11113.900390625,11127.400390625,11113.900390625,11124.150390625,11124.150390625,0
2020-09-28 09:21:00+05:30,11124.650390625,11131.9501953125,11122.2001953125,11128.7998046875,11128.7998046875,0
2020-09-28 09:22:00+05:30,11129.650390625,11130.900390625,11120.400390625,11123.099609375,11123.099609375,0
2020-09-28 09:23:00+05:30,11123.0498046875,11124.599609375,11112.5498046875,11119.4501953125,11119.4501953125,0
2020-09-28 09:24:00+05:30,11118.5498046875,11122.650390625,11114.2001953125,11120.7001953125,11120.7001953125,0
2020-09-28 09:25:00+05:30,11122.25,11126.599609375,11119.9501953125,11123.2998046875,11123.2998046875,0
2020-09-28 09:26:00+05:30,11124.4501953125,11125.7001953125,11119.650390625,11121.25,11121.25,0
2020-09-28 09:27:00+05:30,11120.150390625,11120.2998046875,11108.5,11111.7001953125,11111.7001953125,0
2020-09-28 09:28:00+05:30,11111.75,11120.5498046875,11110.7998046875,11120.150390625,11120.150390625,0
2020-09-28 09:29:00+05:30,11120.2998046875,11123.849609375,11118.599609375,11119.9501953125,11119.9501953125,0
2020-09-28 09:30:00+05:30,11119.2998046875,11126.7998046875,11119.2998046875,11125.349609375,11125.349609375,0
2020-09-28 09:31:00+05:30,11125.900390625,11139.650390625,11122.2998046875,11135.25,11135.25,0
2020-09-28 09:32:00+05:30,11134.349609375,11139.75,11134.349609375,11135.349609375,11135.349609375,0
2020-09-28 09:33:00+05:30,11136.75,11145.099609375,11136.75,11144.9501953125,11144.9501953125,0
2020-09-28 09:34:00+05:30,11144.75,11150.849609375,11143.0,11149.599609375,11149.599609375,0
2020-09-28 09:35:00+05:30,11149.7998046875,11153.2001953125,11146.0,11146.0,11146.0,0
2020-09-28 09:36:00+05:30,11145.5498046875,11150.599609375,11145.099609375,11146.9501953125,11146.9501953125,0
2020-09-28 09:37:00+05:30,11146.5498046875,11154.0498046875,11146.5498046875,11153.0,11153.0,0
2020-09-28 09:38:00+05:30,11152.599609375,11160.7998046875,11152.400390625,11160.7998046875,11160.7998046875,0
2020-09-28 09:39:00+05:30,11161.400390625,11167.4501953125,11160.400390625,11166.599609375,11166.599609375,0
2020-09-28 09:40:00+05:30,11167.599609375,11177.0,11166.900390625,11166.900390625,11166.900390625,0
2020-09-28 09:41:00+05:30,11167.7001953125,11168.2001953125,11160.849609375,11163.349609375,11163.349609375,0
2020-09-28 09:42:00+05:30,11163.4501953125,11163.4501953125,11154.900390625,11155.4501953125,11155.4501953125,0
2020-09-28 09:43:00+05:30,11156.7001953125,11162.349609375,11156.5,11159.0498046875,11159.0498046875,0
2020-09-28 09:44:00+05:30,11159.5498046875,11159.5498046875,11155.0,11157.349609375,11157.349609375,0
2020-09-28 09:45:00+05:30,11157.7001953125,11168.5498046875,11156.2998046875,11163.4501953125,11163.4501953125,0
2020-09-28 09:46:00+05:30,11163.2001953125,11163.2001953125,11149.0498046875,11150.25,11150.25,0
2020-09-28 09:47:00+05:30,11149.7998046875,11149.7998046875,11142.650390625,11145.099609375,11145.099609375,0
2020-09-28 09:48:00+05:30,11144.650390625,11147.400390625,11141.4501953125,11146.25,11146.25,0
2020-09-28 09:49:00+05:30,11147.349609375,11158.25,11145.75,11158.0,11158.0,0
2020-09-28 09:50:00+05:30,11156.4501953125,11161.599609375,11151.150390625,11161.400390625,11161.400390625,0
2020-09-28 09:51:00+05:30,11161.2001953125,11163.25,11154.849609375,11160.349609375,11160.349609375,0
2020-09-28 09:52:00+05:30,11160.2001953125,11161.099609375,11153.7001953125,11156.7998046875,11156.7998046875,0
2020-09-28 09:53:00+05:30,11156.2001953125,11157.849609375,11153.2998046875,11154.2001953125,11154.2001953125,0
2020-09-28 09:54:00+05:30,11154.150390625,11161.5498046875,11152.400390625,11161.5498046875,11161.5498046875,0
2020-09-28 09:55:00+05:30,11161.150390625,11161.5,11156.349609375,11159.7001953125,11159.7001953125,0
2020-09-28 09:56:00+05:30,11160.0,11163.4501953125,11157.849609375,11163.4501953125,11163.4501953125,0
2020-09-28 09:57:00+05:30,11163.099609375,11163.5,11152.099609375,11155.5498046875,11155.5498046875,0
2020-09-28 09:58:00+05:30,11155.9501953125,11156.599609375,11151.650390625,11155.0,11155.0,0
2020-09-28 09:59:00+05:30,11155.25,11159.400390625,11155.25,11157.150390625,11157.150390625,0
2020-09-28 10:00:00+05:30,11156.7998046875,11164.7001953125,11156.7998046875,11162.099609375,11162.099609375,0
2020-09-28 10:01:00+05:30,11162.5498046875,11170.849609375,11162.349609375,11170.7998046875,11170.7998046875,0
2020-09-28 10:02:00+05:30,11171.0498046875,11171.650390625,11164.5498046875,11166.75,11166.75,0
2020-09-28 10:03:00+05:30,11167.150390625,11167.349609375,11162.2001953125,11162.2001953125,11162.2001953125,0
2020-09-28 10:04:00+05:30,11162.4501953125,11162.900390625,11155.2001953125,11156.75,11156.75,0
2020-09-28 10:05:00+05:30,11156.25,11158.099609375,11154.099609375,11158.099609375,11158.099609375,0
2020-09-28 10:06:00+05:30,11157.599609375,11170.150390625,11157.599609375,11165.2001953125,11165.2001953125,0
2020-09-28 10:07:00+05:30,11164.599609375,11165.5498046875,11161.75,11162.4501953125,11162.4501953125,0
2020-09-28 10:08:00+05:30,11162.4501953125,11168.349609375,11162.4501953125,11167.5498046875,11167.5498046875,0
2020-09-28 10:09:00+05:30,11167.349609375,11170.349609375,11167.349609375,11168.7001953125,11168.7001953125,0
2020-09-28 10:10:00+05:30,11168.9501953125,11175.400390625,11168.7001953125,11169.25,11169.25,0
2020-09-28 10:11:00+05:30,11169.150390625,11169.150390625,11163.2001953125,11164.849609375,11164.849609375,0
2020-09-28 10:12:00+05:30,11164.7001953125,11165.75,11155.2001953125,11157.7001953125,11157.7001953125,0
2020-09-28 10:13:00+05:30,11158.349609375,11163.099609375,11157.75,11162.099609375,11162.099609375,0
2020-09-28 10:14:00+05:30,11161.9501953125,11164.5,11161.7001953125,11161.7001953125,11161.7001953125,0
2020-09-28 10:15:00+05:30,11163.0,11166.150390625,11162.0,11164.900390625,11164.900390625,0
2020-09-28 10:16:00+05:30,11164.2001953125,11165.7001953125,11163.099609375,11165.099609375,11165.099609375,0
2020-09-28 10:17:00+05:30,11165.150390625,11165.25,11155.5498046875,11155.5498046875,11155.5498046875,0
2020-09-28 10:18:00+05:30,11156.4501953125,11160.599609375,11152.5498046875,11155.7001953125,11155.7001953125,0
2020-09-28 10:19:00+05:30,11155.099609375,11155.599609375,11150.349609375,11151.0498046875,11151.0498046875,0
2020-09-28 10:20:00+05:30,11152.099609375,11152.5,11147.599609375,11152.25,11152.25,0
2020-09-28 10:21:00+05:30,11154.349609375,11157.2001953125,11153.900390625,11155.7001953125,11155.7001953125,0
2020-09-28 10:22:00+05:30,11155.4501953125,11156.150390625,11151.2998046875,11154.0,11154.0,0
2020-09-28 10:23:00+05:30,11154.5498046875,11157.400390625,11153.900390625,11156.4501953125,11156.4501953125,0
2020-09-28 10:24:00+05:30,11156.7001953125,11156.75,11152.150390625,11152.5,11152.5,0
2020-09-28 10:25:00+05:30,11153.0,11156.0498046875,11149.9501953125,11156.0498046875,11156.0498046875,0
2020-09-28 10:26:00+05:30,11155.599609375,11164.2001953125,11155.599609375,11162.349609375,11162.349609375,0
2020-09-28 10:27:00+05:30,11162.349609375,11163.5,11160.9501953125,11162.0,11162.0,0
2020-09-28 10:28:00+05:30,11162.349609375,11163.650390625,11158.25,11159.7001953125,11159.7001953125,0
2020-09-28 10:29:00+05:30,11159.599609375,11165.349609375,11159.0498046875,11163.4501953125,11163.4501953125,0
2020-09-28 10:30:00+05:30,11162.599609375,11166.7001953125,11157.7001953125,11165.150390625,11165.150390625,0
2020-09-28 10:31:00+05:30,11165.5498046875,11165.5498046875,11158.150390625,11158.150390625,11158.150390625,0
2020-09-28 10:32:00+05:30,11157.4501953125,11163.5498046875,11156.099609375,11160.4501953125,11160.4501953125,0
2020-09-28 10:33:00+05:30,11160.2998046875,11160.849609375,11156.150390625,11157.849609375,11157.849609375,0
2020-09-28 10:34:00+05:30,11157.0,11160.349609375,11156.900390625,11157.349609375,11157.349609375,0
2020-09-28 10:35:00+05:30,11156.9501953125,11163.7998046875,11156.849609375,11163.7998046875,11163.7998046875,0
2020-09-28 10:36:00+05:30,11163.4501953125,11168.7001953125,11163.4501953125,11164.9501953125,11164.9501953125,0
2020-09-28 10:37:00+05:30,11165.2998046875,11169.7998046875,11163.650390625,11168.900390625,11168.900390625,0
2020-09-28 10:38:00+05:30,11168.2001953125,11182.2001953125,11168.150390625,11181.9501953125,11181.9501953125,0
2020-09-28 10:39:00+05:30,11180.650390625,11182.150390625,11175.7998046875,11178.599609375,11178.599609375,0
2020-09-28 10:40:00+05:30,11179.0498046875,11185.900390625,11178.2001953125,11178.2001953125,11178.2001953125,0
2020-09-28 10:41:00+05:30,11178.099609375,11178.7998046875,11174.25,11177.2998046875,11177.2998046875,0
2020-09-28 10:42:00+05:30,11176.75,11178.5,11175.0498046875,11178.5,11178.5,0
2020-09-28 10:43:00+05:30,11177.849609375,11178.7001953125,11174.099609375,11174.099609375,11174.099609375,0
2020-09-28 10:44:00+05:30,11174.0,11175.0,11169.2001953125,11174.150390625,11174.150390625,0
2020-09-28 10:45:00+05:30,11174.4501953125,11175.349609375,11163.349609375,11163.349609375,11163.349609375,0
2020-09-28 10:46:00+05:30,11164.7998046875,11172.25,11163.75,11171.5498046875,11171.5498046875,0
2020-09-28 10:47:00+05:30,11171.25,11175.599609375,11169.9501953125,11175.2001953125,11175.2001953125,0
2020-09-28 10:48:00+05:30,11174.25,11193.4501953125,11174.0,11188.099609375,11188.099609375,0
2020-09-28 10:49:00+05:30,11188.150390625,11194.650390625,11185.2998046875,11185.2998046875,11185.2998046875,0
2020-09-28 10:50:00+05:30,11185.900390625,11190.599609375,11185.900390625,11189.2001953125,11189.2001953125,0
2020-09-28 10:51:00+05:30,11189.599609375,11199.650390625,11189.150390625,11195.9501953125,11195.9501953125,0
2020-09-28 10:52:00+05:30,11196.400390625,11200.2998046875,11192.849609375,11195.75,11195.75,0
2020-09-28 10:53:00+05:30,11196.4501953125,11200.650390625,11192.25,11193.2001953125,11193.2001953125,0
2020-09-28 10:54:00+05:30,11193.0498046875,11194.349609375,11185.150390625,11188.150390625,11188.150390625,0
2020-09-28 10:55:00+05:30,11188.5498046875,11191.0,11185.7001953125,11185.7001953125,11185.7001953125,0
2020-09-28 10:56:00+05:30,11185.2998046875,11193.099609375,11184.5,11186.400390625,11186.400390625,0
2020-09-28 10:57:00+05:30,11186.0498046875,11190.5,11183.7001953125,11187.400390625,11187.400390625,0
2020-09-28 10:58:00+05:30,11187.150390625,11189.5,11185.400390625,11188.150390625,11188.150390625,0
2020-09-28 10:59:00+05:30,11188.5,11188.5,11183.9501953125,11186.7001953125,11186.7001953125,0
2020-09-28 11:00:00+05:30,11186.849609375,11190.099609375,11186.599609375,11187.5498046875,11187.5498046875,0
2020-09-28 11:01:00+05:30,11187.599609375,11187.599609375,11181.2998046875,11185.7001953125,11185.7001953125,0
2020-09-28 11:02:00+05:30,11185.099609375,11186.2998046875,11182.9501953125,11183.7998046875,11183.7998046875,0
2020-09-28 11:03:00+05:30,11183.7001953125,11190.2998046875,11182.900390625,11190.2998046875,11190.2998046875,0
2020-09-28 11:04:00+05:30,11189.9501953125,11192.9501953125,11186.7001953125,11192.9501953125,11192.9501953125,0
2020-09-28 11:05:00+05:30,11193.150390625,11200.849609375,11192.7001953125,11194.0498046875,11194.0498046875,0
2020-09-28 11:06:00+05:30,11193.099609375,11193.5,11188.849609375,11192.900390625,11192.900390625,0
2020-09-28 11:07:00+05:30,11192.650390625,11193.4501953125,11189.400390625,11193.2001953125,11193.2001953125,0
2020-09-28 11:08:00+05:30,11193.5,11193.5498046875,11190.150390625,11192.0,11192.0,0
2020-09-28 11:09:00+05:30,11193.0,11199.0498046875,11193.0,11198.75,11198.75,0
2020-09-28 11:10:00+05:30,11197.75,11201.7001953125,11196.349609375,11196.599609375,11196.599609375,0
2020-09-28 11:11:00+05:30,11196.400390625,11200.099609375,11196.349609375,11198.650390625,11198.650390625,0
2020-09-28 11:12:00+05:30,11198.349609375,11199.25,11192.150390625,11192.2001953125,11192.2001953125,0
2020-09-28 11:13:00+05:30,11192.849609375,11194.7998046875,11191.2998046875,11192.7998046875,11192.7998046875,0
2020-09-28 11:14:00+05:30,11194.099609375,11195.7998046875,11191.7998046875,11194.900390625,11194.900390625,0
2020-09-28 11:15:00+05:30,11195.400390625,11200.349609375,11194.2001953125,11194.400390625,11194.400390625,0
2020-09-28 11:16:00+05:30,11194.7998046875,11194.7998046875,11188.5498046875,11189.349609375,11189.349609375,0
2020-09-28 11:17:00+05:30,11188.849609375,11193.099609375,11187.9501953125,11191.2001953125,11191.2001953125,0
2020-09-28 11:18:00+05:30,11191.150390625,11192.400390625,11190.150390625,11192.400390625,11192.400390625,0
2020-09-28 11:19:00+05:30,11192.400390625,11193.099609375,11184.650390625,11186.7001953125,11186.7001953125,0
2020-09-28 11:20:00+05:30,11186.849609375,11189.5,11186.5498046875,11188.650390625,11188.650390625,0
2020-09-28 11:21:00+05:30,11188.400390625,11195.9501953125,11188.400390625,11195.349609375,11195.349609375,0
2020-09-28 11:22:00+05:30,11195.400390625,11195.400390625,11191.849609375,11192.0498046875,11192.0498046875,0
2020-09-28 11:23:00+05:30,11192.2001953125,11194.099609375,11190.4501953125,11194.099609375,11194.099609375,0
2020-09-28 11:24:00+05:30,11194.0,11196.75,11193.400390625,11194.0498046875,11194.0498046875,0
2020-09-28 11:25:00+05:30,11194.4501953125,11198.099609375,11192.650390625,11197.9501953125,11197.9501953125,0
2020-09-28 11:26:00+05:30,11197.650390625,11206.900390625,11197.5498046875,11204.2001953125,11204.2001953125,0
2020-09-28 11:27:00+05:30,11204.099609375,11205.2001953125,11200.849609375,11202.0,11202.0,0
2020-09-28 11:28:00+05:30,11202.0498046875,11209.650390625,11202.0498046875,11208.7001953125,11208.7001953125,0
2020-09-28 11:29:00+05:30,11208.900390625,11211.7001953125,11208.900390625,11209.099609375,11209.099609375,0
2020-09-28 11:30:00+05:30,11208.900390625,11209.150390625,11203.150390625,11203.849609375,11203.849609375,0
2020-09-28 11:31:00+05:30,11202.650390625,11208.7998046875,11202.650390625,11204.4501953125,11204.4501953125,0
2020-09-28 11:32:00+05:30,11204.0498046875,11206.099609375,11202.0498046875,11202.099609375,11202.099609375,0
2020-09-28 11:33:00+05:30,11201.349609375,11202.349609375,11198.349609375,11200.2998046875,11200.2998046875,0
2020-09-28 11:34:00+05:30,11200.0498046875,11205.75,11200.0498046875,11203.900390625,11203.900390625,0
2020-09-28 11:35:00+05:30,11202.75,11205.150390625,11201.150390625,11204.9501953125,11204.9501953125,0
2020-09-28 11:36:00+05:30,11204.7998046875,11207.849609375,11198.900390625,11200.2001953125,11200.2001953125,0
2020-09-28 11:37:00+05:30,11200.0498046875,11201.2998046875,11195.650390625,11201.099609375,11201.099609375,0
2020-09-28 11:38:00+05:30,11200.75,11201.400390625,11198.7001953125,11199.7001953125,11199.7001953125,0
2020-09-28 11:39:00+05:30,11199.849609375,11205.0,11199.599609375,11204.2998046875,11204.2998046875,0
2020-09-28 11:40:00+05:30,11204.5498046875,11205.2001953125,11196.9501953125,11197.7998046875,11197.7998046875,0
2020-09-28 11:41:00+05:30,11199.2998046875,11200.400390625,11195.75,11195.75,11195.75,0
2020-09-28 11:42:00+05:30,11195.599609375,11196.0,11192.849609375,11194.349609375,11194.349609375,0
2020-09-28 11:43:00+05:30,11194.0,11196.849609375,11192.0,11196.349609375,11196.349609375,0
2020-09-28 11:44:00+05:30,11196.349609375,11196.5,11192.0498046875,11192.849609375,11192.849609375,0
2020-09-28 11:45:00+05:30,11192.349609375,11192.349609375,11180.4501953125,11183.2998046875,11183.2998046875,0
2020-09-28 11:46:00+05:30,11182.7998046875,11184.2001953125,11177.9501953125,11184.2001953125,11184.2001953125,0
2020-09-28 11:47:00+05:30,11183.25,11191.150390625,11183.25,11190.099609375,11190.099609375,0
2020-09-28 11:48:00+05:30,11189.5,11192.2001953125,11186.75,11187.599609375,11187.599609375,0
2020-09-28 11:49:00+05:30,11188.4501953125,11190.2998046875,11184.4501953125,11185.5498046875,11185.5498046875,0
2020-09-28 11:50:00+05:30,11184.900390625,11194.0498046875,11184.5498046875,11194.0498046875,11194.0498046875,0
2020-09-28 11:51:00+05:30,11193.4501953125,11194.349609375,11191.9501953125,11192.4501953125,11192.4501953125,0
2020-09-28 11:52:00+05:30,11192.2998046875,11193.400390625,11189.75,11189.75,11189.75,0
2020-09-28 11:53:00+05:30,11189.0498046875,11189.2998046875,11179.0498046875,11184.599609375,11184.599609375,0
2020-09-28 11:54:00+05:30,11185.150390625,11186.7001953125,11183.099609375,11186.099609375,11186.099609375,0
2020-09-28 11:55:00+05:30,11186.4501953125,11193.9501953125,11185.900390625,11193.5498046875,11193.5498046875,0
2020-09-28 11:56:00+05:30,11194.0,11197.9501953125,11192.25,11197.5498046875,11197.5498046875,0
2020-09-28 11:57:00+05:30,11197.599609375,11197.599609375,11193.4501953125,11195.599609375,11195.599609375,0
2020-09-28 11:58:00+05:30,11195.7001953125,11195.7001953125,11192.0,11194.5498046875,11194.5498046875,0
2020-09-28 11:59:00+05:30,11194.2001953125,11199.25,11194.2001953125,11196.849609375,11196.849609375,0
2020-09-28 12:00:00+05:30,11197.150390625,11197.9501953125,11192.7001953125,11193.150390625,11193.150390625,0
2020-09-28 12:01:00+05:30,11192.7001953125,11194.099609375,11189.349609375,11193.4501953125,11193.4501953125,0
2020-09-28 12:02:00+05:30,11194.0498046875,11194.4501953125,11192.349609375,11192.9501953125,11192.9501953125,0
2020-09-28 12:03:00+05:30,11193.25,11200.849609375,11192.900390625,11198.2001953125,11198.2001953125,0
2020-09-28 12:04:00+05:30,11198.5,11201.150390625,11197.7001953125,11199.099609375,11199.099609375,0
2020-09-28 12:05:00+05:30,11199.650390625,11204.0,11199.0498046875,11203.099609375,11203.099609375,0
2020-09-28 12:06:00+05:30,11203.2001953125,11204.4501953125,11200.7001953125,11203.900390625,11203.900390625,0
2020-09-28 12:07:00+05:30,11203.7001953125,11204.2998046875,11200.599609375,11201.5498046875,11201.5498046875,0
2020-09-28 12:08:00+05:30,11202.0498046875,11208.5498046875,11201.150390625,11208.0498046875,11208.0498046875,0
2020-09-28 12:09:00+05:30,11208.5,11209.25,11204.2001953125,11206.349609375,11206.349609375,0
2020-09-28 12:10:00+05:30,11206.25,11207.400390625,11205.0,11205.5,11205.5,0
2020-09-28 12:11:00+05:30,11205.900390625,11209.7998046875,11205.25,11209.7998046875,11209.7998046875,0
2020-09-28 12:12:00+05:30,11209.5,11210.0,11205.2998046875,11207.099609375,11207.099609375,0
2020-09-28 12:13:00+05:30,11206.5498046875,11208.650390625,11204.650390625,11205.0498046875,11205.0498046875,0
2020-09-28 12:14:00+05:30,11205.25,11208.9501953125,11204.4501953125,11208.5498046875,11208.5498046875,0
2020-09-28 12:15:00+05:30,11208.349609375,11209.4501953125,11206.599609375,11207.7001953125,11207.7001953125,0
2020-09-28 12:16:00+05:30,11207.7001953125,11207.7998046875,11198.0,11199.7001953125,11199.7001953125,0
2020-09-28 12:17:00+05:30,11200.599609375,11200.599609375,11195.5498046875,11198.400390625,11198.400390625,0
2020-09-28 12:18:00+05:30,11198.5,11204.349609375,11198.5,11203.75,11203.75,0
2020-09-28 12:19:00+05:30,11204.400390625,11208.349609375,11203.2998046875,11206.2998046875,11206.2998046875,0
2020-09-28 12:20:00+05:30,11205.9501953125,11206.599609375,11202.25,11203.5498046875,11203.5498046875,0
2020-09-28 12:21:00+05:30,11203.4501953125,11205.5498046875,11203.4501953125,11204.599609375,11204.599609375,0
2020-09-28 12:22:00+05:30,11204.5,11205.75,11202.0498046875,11202.9501953125,11202.9501953125,0
2020-09-28 12:23:00+05:30,11202.7998046875,11203.599609375,11197.0498046875,11199.0498046875,11199.0498046875,0
2020-09-28 12:24:00+05:30,11198.5,11203.900390625,11198.5,11203.0498046875,11203.0498046875,0
2020-09-28 12:25:00+05:30,11203.0498046875,11203.2998046875,11197.7001953125,11197.7001953125,11197.7001953125,0
2020-09-28 12:26:00+05:30,11197.650390625,11201.7001953125,11197.650390625,11201.5498046875,11201.5498046875,0
2020-09-28 12:27:00+05:30,11202.099609375,11206.650390625,11202.099609375,11203.900390625,11203.900390625,0
2020-09-28 12:28:00+05:30,11204.349609375,11209.099609375,11204.349609375,11208.599609375,11208.599609375,0
2020-09-28 12:29:00+05:30,11208.5,11208.7998046875,11202.7998046875,11203.349609375,11203.349609375,0
2020-09-28 12:30:00+05:30,11203.349609375,11209.400390625,11202.650390625,11207.7998046875,11207.7998046875,0
2020-09-28 12:31:00+05:30,11207.099609375,11207.099609375,11202.7998046875,11204.25,11204.25,0
2020-09-28 12:32:00+05:30,11204.5,11205.599609375,11202.349609375,11203.099609375,11203.099609375,0
2020-09-28 12:33:00+05:30,11202.9501953125,11205.150390625,11192.849609375,11195.4501953125,11195.4501953125,0
2020-09-28 12:34:00+05:30,11195.900390625,11198.25,11192.5,11192.5,11192.5,0
2020-09-28 12:35:00+05:30,11191.849609375,11194.5498046875,11188.4501953125,11192.400390625,11192.400390625,0
2020-09-28 12:36:00+05:30,11192.150390625,11194.75,11191.7001953125,11191.75,11191.75,0
2020-09-28 12:37:00+05:30,11191.75,11192.099609375,11187.150390625,11189.7001953125,11189.7001953125,0
2020-09-28 12:38:00+05:30,11189.4501953125,11195.25,11187.5,11191.7001953125,11191.7001953125,0
2020-09-28 12:39:00+05:30,11191.400390625,11192.4501953125,11189.150390625,11192.400390625,11192.400390625,0
2020-09-28 12:40:00+05:30,11193.2001953125,11199.0498046875,11192.9501953125,11194.099609375,11194.099609375,0
2020-09-28 12:41:00+05:30,11194.400390625,11194.900390625,11192.2001953125,11192.7001953125,11192.7001953125,0
2020-09-28 12:42:00+05:30,11192.9501953125,11192.9501953125,11176.349609375,11176.349609375,11176.349609375,0
2020-09-28 12:43:00+05:30,11176.5,11187.5498046875,11176.5,11187.4501953125,11187.4501953125,0
2020-09-28 12:44:00+05:30,11186.599609375,11194.650390625,11186.599609375,11193.2998046875,11193.2998046875,0
2020-09-28 12:45:00+05:30,11191.9501953125,11192.5498046875,11187.099609375,11188.900390625,11188.900390625,0
2020-09-28 12:46:00+05:30,11188.9501953125,11192.4501953125,11186.349609375,11186.349609375,11186.349609375,0
2020-09-28 12:47:00+05:30,11186.099609375,11193.75,11186.099609375,11189.4501953125,11189.4501953125,0
2020-09-28 12:48:00+05:30,11189.650390625,11195.7001953125,11189.650390625,11193.0498046875,11193.0498046875,0
2020-09-28 12:49:00+05:30,11192.900390625,11201.5,11192.7998046875,11201.4501953125,11201.4501953125,0
2020-09-28 12:50:00+05:30,11201.849609375,11202.7001953125,11198.25,11198.75,11198.75,0
2020-09-28 12:51:00+05:30,11198.4501953125,11199.25,11196.2001953125,11198.4501953125,11198.4501953125,0
2020-09-28 12:52:00+05:30,11198.349609375,11198.349609375,11194.099609375,11194.099609375,11194.099609375,0
2020-09-28 12:53:00+05:30,11194.2998046875,11194.349609375,11190.5,11191.599609375,11191.599609375,0
2020-09-28 12:54:00+05:30,11191.599609375,11199.900390625,11190.7001953125,11197.599609375,11197.599609375,0
2020-09-28 12:55:00+05:30,11197.400390625,11198.75,11196.4501953125,11196.5,11196.5,0
2020-09-28 12:56:00+05:30,11196.900390625,11205.7998046875,11195.7001953125,11205.7998046875,11205.7998046875,0
2020-09-28 12:57:00+05:30,11205.900390625,11213.4501953125,11205.900390625,11209.900390625,11209.900390625,0
2020-09-28 12:58:00+05:30,11210.400390625,11214.5,11207.7001953125,11214.2001953125,11214.2001953125,0
2020-09-28 12:59:00+05:30,11214.9501953125,11218.25,11214.25,11215.099609375,11215.099609375,0
2020-09-28 13:00:00+05:30,11215.25,11223.599609375,11214.7001953125,11220.7001953125,11220.7001953125,0
2020-09-28 13:01:00+05:30,11221.099609375,11221.099609375,11214.900390625,11215.150390625,11215.150390625,0
2020-09-28 13:02:00+05:30,11214.5,11222.5,11214.5,11219.150390625,11219.150390625,0
2020-09-28 13:03:00+05:30,11219.25,11220.2001953125,11214.5,11218.7998046875,11218.7998046875,0
2020-09-28 13:04:00+05:30,11218.9501953125,11220.650390625,11218.75,11219.2001953125,11219.2001953125,0
2020-09-28 13:05:00+05:30,11218.5,11227.25,11218.5,11225.2001953125,11225.2001953125,0
2020-09-28 13:06:00+05:30,11225.150390625,11225.4501953125,11214.4501953125,11214.599609375,11214.599609375,0
2020-09-28 13:07:00+05:30,11215.650390625,11219.900390625,11213.7998046875,11219.900390625,11219.900390625,0
2020-09-28 13:08:00+05:30,11219.900390625,11220.099609375,11213.75,11213.75,11213.75,0
2020-09-28 13:09:00+05:30,11214.599609375,11215.400390625,11213.5,11213.5,11213.5,0
2020-09-28 13:10:00+05:30,11213.2001953125,11213.2001953125,11205.900390625,11206.0498046875,11206.0498046875,0
2020-09-28 13:11:00+05:30,11205.7998046875,11212.7001953125,11205.7998046875,11212.349609375,11212.349609375,0
2020-09-28 13:12:00+05:30,11212.650390625,11218.650390625,11212.349609375,11212.7001953125,11212.7001953125,0
2020-09-28 13:13:00+05:30,11212.75,11216.150390625,11208.9501953125,11208.9501953125,11208.9501953125,0
2020-09-28 13:14:00+05:30,11208.75,11213.599609375,11204.2998046875,11212.2998046875,11212.2998046875,0
2020-09-28 13:15:00+05:30,11212.900390625,11213.650390625,11209.5498046875,11210.5498046875,11210.5498046875,0
2020-09-28 13:16:00+05:30,11210.7001953125,11217.0498046875,11210.349609375,11214.7001953125,11214.7001953125,0
2020-09-28 13:17:00+05:30,11214.599609375,11214.849609375,11211.400390625,11212.349609375,11212.349609375,0
2020-09-28 13:18:00+05:30,11212.400390625,11213.099609375,11205.2998046875,11205.2998046875,11205.2998046875,0
2020-09-28 13:19:00+05:30,11205.4501953125,11219.349609375,11204.0498046875,11216.9501953125,11216.9501953125,0
2020-09-28 13:20:00+05:30,11216.599609375,11216.900390625,11213.0498046875,11213.650390625,11213.650390625,0
2020-09-28 13:21:00+05:30,11213.599609375,11214.5,11207.900390625,11209.5,11209.5,0
2020-09-28 13:22:00+05:30,11210.0,11210.400390625,11207.2001953125,11208.25,11208.25,0
2020-09-28 13:23:00+05:30,11208.9501953125,11211.849609375,11207.75,11211.400390625,11211.400390625,0
2020-09-28 13:24:00+05:30,11211.400390625,11211.400390625,11207.25,11207.25,11207.25,0
2020-09-28 13:25:00+05:30,11207.0498046875,11214.650390625,11203.25,11214.5498046875,11214.5498046875,0
2020-09-28 13:26:00+05:30,11214.650390625,11215.25,11210.0,11210.400390625,11210.400390625,0
2020-09-28 13:27:00+05:30,11210.849609375,11218.650390625,11209.7998046875,11216.25,11216.25,0
2020-09-28 13:28:00+05:30,11216.349609375,11216.75,11213.7001953125,11214.7001953125,11214.7001953125,0
2020-09-28 13:29:00+05:30,11214.4501953125,11216.7001953125,11213.9501953125,11216.2998046875,11216.2998046875,0
2020-09-28 13:30:00+05:30,11216.5,11216.5,11208.599609375,11208.650390625,11208.650390625,0
2020-09-28 13:31:00+05:30,11208.7998046875,11210.2001953125,11201.7998046875,11203.150390625,11203.150390625,0
2020-09-28 13:32:00+05:30,11203.4501953125,11205.0,11200.2001953125,11202.5,11202.5,0
2020-09-28 13:33:00+05:30,11202.150390625,11202.650390625,11198.599609375,11199.150390625,11199.150390625,0
2020-09-28 13:34:00+05:30,11199.099609375,11203.150390625,11198.099609375,11202.0,11202.0,0
2020-09-28 13:35:00+05:30,11201.75,11206.599609375,11201.4501953125,11203.7001953125,11203.7001953125,0
2020-09-28 13:36:00+05:30,11203.650390625,11205.150390625,11200.0,11204.2998046875,11204.2998046875,0
2020-09-28 13:37:00+05:30,11203.7001953125,11207.0498046875,11203.0498046875,11207.0498046875,11207.0498046875,0
2020-09-28 13:38:00+05:30,11206.650390625,11208.599609375,11206.650390625,11208.25,11208.25,0
2020-09-28 13:39:00+05:30,11207.849609375,11211.5,11207.5498046875,11211.400390625,11211.400390625,0
2020-09-28 13:40:00+05:30,11211.650390625,11216.400390625,11211.0498046875,11213.7001953125,11213.7001953125,0
2020-09-28 13:41:00+05:30,11212.7998046875,11212.7998046875,11211.0,11211.400390625,11211.400390625,0
2020-09-28 13:42:00+05:30,11211.7001953125,11217.0,11211.5498046875,11215.650390625,11215.650390625,0
2020-09-28 13:43:00+05:30,11215.849609375,11215.900390625,11210.7001953125,11212.0,11212.0,0
2020-09-28 13:44:00+05:30,11212.7001953125,11212.900390625,11210.099609375,11210.099609375,11210.099609375,0
2020-09-28 13:45:00+05:30,11209.9501953125,11212.150390625,11207.7998046875,11209.150390625,11209.150390625,0
2020-09-28 13:46:00+05:30,11209.2001953125,11210.099609375,11205.400390625,11210.099609375,11210.099609375,0
2020-09-28 13:47:00+05:30,11209.900390625,11216.349609375,11208.849609375,11215.400390625,11215.400390625,0
2020-09-28 13:48:00+05:30,11214.7001953125,11215.400390625,11212.75,11213.0498046875,11213.0498046875,0
2020-09-28 13:49:00+05:30,11212.75,11213.4501953125,11211.4501953125,11212.349609375,11212.349609375,0
2020-09-28 13:50:00+05:30,11212.599609375,11212.7998046875,11210.5498046875,11212.7998046875,11212.7998046875,0
2020-09-28 13:51:00+05:30,11212.5,11215.849609375,11212.5,11215.0498046875,11215.0498046875,0
2020-09-28 13:52:00+05:30,11215.0,11215.25,11212.400390625,11213.4501953125,11213.4501953125,0
2020-09-28 13:53:00+05:30,11214.0,11226.150390625,11213.75,11222.900390625,11222.900390625,0
2020-09-28 13:54:00+05:30,11223.25,11224.5,11219.7001953125,11220.5498046875,11220.5498046875,0
2020-09-28 13:55:00+05:30,11220.7998046875,11226.7998046875,11220.349609375,11225.5498046875,11225.5498046875,0
2020-09-28 13:56:00+05:30,11225.900390625,11226.099609375,11217.900390625,11217.900390625,11217.900390625,0
2020-09-28 13:57:00+05:30,11218.0,11222.099609375,11217.2001953125,11221.599609375,11221.599609375,0
2020-09-28 13:58:00+05:30,11221.5,11229.5,11220.75,11228.0498046875,11228.0498046875,0
2020-09-28 13:59:00+05:30,11228.849609375,11228.849609375,11223.2001953125,11225.5498046875,11225.5498046875,0
2020-09-28 14:00:00+05:30,11225.650390625,11227.7001953125,11224.650390625,11225.75,11225.75,0
2020-09-28 14:01:00+05:30,11225.849609375,11226.2001953125,11221.650390625,11221.7998046875,11221.7998046875,0
2020-09-28 14:02:00+05:30,11222.5,11233.9501953125,11221.7998046875,11231.2001953125,11231.2001953125,0
2020-09-28 14:03:00+05:30,11231.5,11232.7998046875,11230.650390625,11232.2998046875,11232.2998046875,0
2020-09-28 14:04:00+05:30,11232.7001953125,11232.75,11227.400390625,11229.0,11229.0,0
2020-09-28 14:05:00+05:30,11229.2001953125,11230.5498046875,11227.25,11229.400390625,11229.400390625,0
2020-09-28 14:06:00+05:30,11229.150390625,11230.099609375,11226.349609375,11227.150390625,11227.150390625,0
2020-09-28 14:07:00+05:30,11227.400390625,11227.400390625,11224.349609375,11224.349609375,11224.349609375,0
2020-09-28 14:08:00+05:30,11224.7001953125,11224.7001953125,11216.5498046875,11216.75,11216.75,0
2020-09-28 14:09:00+05:30,11216.75,11223.5498046875,11216.2001953125,11223.5498046875,11223.5498046875,0
2020-09-28 14:10:00+05:30,11222.849609375,11224.0498046875,11210.400390625,11214.099609375,11214.099609375,0
2020-09-28 14:11:00+05:30,11214.2001953125,11217.900390625,11212.150390625,11213.150390625,11213.150390625,0
2020-09-28 14:12:00+05:30,11212.75,11220.9501953125,11212.599609375,11220.2001953125,11220.2001953125,0
2020-09-28 14:13:00+05:30,11219.7001953125,11221.75,11219.099609375,11221.400390625,11221.400390625,0
2020-09-28 14:14:00+05:30,11221.5498046875,11226.150390625,11219.849609375,11225.7998046875,11225.7998046875,0
2020-09-28 14:15:00+05:30,11225.5498046875,11231.25,11225.2998046875,11228.099609375,11228.099609375,0
2020-09-28 14:16:00+05:30,11228.25,11228.25,11223.25,11223.349609375,11223.349609375,0
2020-09-28 14:17:00+05:30,11222.4501953125,11223.400390625,11220.0498046875,11221.900390625,11221.900390625,0
2020-09-28 14:18:00+05:30,11221.349609375,11222.400390625,11218.9501953125,11219.4501953125,11219.4501953125,0
2020-09-28 14:19:00+05:30,11219.0,11224.7998046875,11217.0498046875,11222.4501953125,11222.4501953125,0
2020-09-28 14:20:00+05:30,11222.4501953125,11227.7001953125,11221.650390625,11225.5,11225.5,0
2020-09-28 14:21:00+05:30,11226.099609375,11227.75,11225.25,11227.650390625,11227.650390625,0
2020-09-28 14:22:00+05:30,11227.5498046875,11229.5,11221.75,11222.599609375,11222.599609375,0
2020-09-28 14:23:00+05:30,11223.7001953125,11226.599609375,11222.349609375,11222.349609375,11222.349609375,0
2020-09-28 14:24:00+05:30,11222.4501953125,11224.75,11220.9501953125,11220.9501953125,11220.9501953125,0
2020-09-28 14:25:00+05:30,11218.099609375,11221.75,11218.099609375,11220.9501953125,11220.9501953125,0
2020-09-28 14:26:00+05:30,11220.5498046875,11220.5498046875,11214.9501953125,11214.9501953125,11214.9501953125,0
2020-09-28 14:27:00+05:30,11215.5,11219.7998046875,11212.7998046875,11219.7001953125,11219.7001953125,0
2020-09-28 14:28:00+05:30,11218.7001953125,11223.7001953125,11218.650390625,11222.0498046875,11222.0498046875,0
2020-09-28 14:29:00+05:30,11222.349609375,11225.2998046875,11222.2998046875,11224.150390625,11224.150390625,0
2020-09-28 14:30:00+05:30,11224.25,11224.349609375,11218.0498046875,11220.7998046875,11220.7998046875,0
2020-09-28 14:31:00+05:30,11220.099609375,11228.2001953125,11220.099609375,11227.099609375,11227.099609375,0
2020-09-28 14:32:00+05:30,11226.849609375,11232.7001953125,11226.099609375,11231.2998046875,11231.2998046875,0
2020-09-28 14:33:00+05:30,11231.0498046875,11231.2998046875,11226.7998046875,11228.0498046875,11228.0498046875,0
2020-09-28 14:34:00+05:30,11227.650390625,11229.599609375,11225.150390625,11228.0498046875,11228.0498046875,0
2020-09-28 14:35:00+05:30,11227.5,11231.150390625,11227.5,11228.349609375,11228.349609375,0
2020-09-28 14:36:00+05:30,11228.25,11228.9501953125,11222.7998046875,11222.7998046875,11222.7998046875,0
2020-09-28 14:37:00+05:30,11222.7001953125,11224.599609375,11221.2998046875,11223.9501953125,11223.9501953125,0
2020-09-28 14:38:00+05:30,11224.2998046875,11225.099609375,11223.400390625,11224.25,11224.25,0
2020-09-28 14:39:00+05:30,11224.25,11224.650390625,11217.7998046875,11219.0,11219.0,0
2020-09-28 14:40:00+05:30,11218.75,11218.75,11208.9501953125,11209.7001953125,11209.7001953125,0
2020-09-28 14:41:00+05:30,11209.25,11212.7001953125,11207.7998046875,11211.849609375,11211.849609375,0
2020-09-28 14:42:00+05:30,11211.5498046875,11218.7001953125,11211.400390625,11218.2998046875,11218.2998046875,0
2020-09-28 14:43:00+05:30,11218.0,11218.0,11212.5498046875,11214.0,11214.0,0
2020-09-28 14:44:00+05:30,11212.9501953125,11217.5498046875,11212.9501953125,11217.0498046875,11217.0498046875,0
2020-09-28 14:45:00+05:30,11216.849609375,11217.4501953125,11212.650390625,11214.0,11214.0,0
2020-09-28 14:46:00+05:30,11213.349609375,11221.599609375,11212.849609375,11221.599609375,11221.599609375,0
2020-09-28 14:47:00+05:30,11220.9501953125,11224.0,11220.2001953125,11221.4501953125,11221.4501953125,0
2020-09-28 14:48:00+05:30,11220.849609375,11221.7001953125,11214.2001953125,11216.5,11216.5,0
2020-09-28 14:49:00+05:30,11215.349609375,11215.9501953125,11212.5498046875,11213.0,11213.0,0
2020-09-28 14:50:00+05:30,11213.099609375,11218.650390625,11213.0,11215.400390625,11215.400390625,0
2020-09-28 14:51:00+05:30,11214.9501953125,11217.349609375,11212.5498046875,11217.2998046875,11217.2998046875,0
2020-09-28 14:52:00+05:30,11217.099609375,11217.9501953125,11215.75,11216.5,11216.5,0
2020-09-28 14:53:00+05:30,11216.0498046875,11217.5,11214.0498046875,11214.0498046875,11214.0498046875,0
2020-09-28 14:54:00+05:30,11213.599609375,11216.25,11213.099609375,11213.5,11213.5,0
2020-09-28 14:55:00+05:30,11213.5498046875,11214.7998046875,11209.349609375,11210.4501953125,11210.4501953125,0
2020-09-28 14:56:00+05:30,11210.0498046875,11210.25,11198.400390625,11199.099609375,11199.099609375,0
2020-09-28 14:57:00+05:30,11198.2998046875,11205.4501953125,11198.099609375,11203.150390625,11203.150390625,0
2020-09-28 14:58:00+05:30,11202.849609375,11203.599609375,11201.0498046875,11203.5,11203.5,0
2020-09-28 14:59:00+05:30,11204.400390625,11209.900390625,11204.400390625,11207.650390625,11207.650390625,0
2020-09-28 15:00:00+05:30,11208.5498046875,11220.349609375,11202.650390625,11219.7998046875,11219.7998046875,0
2020-09-28 15:01:00+05:30,11219.7001953125,11230.9501953125,11219.7001953125,11228.5498046875,11228.5498046875,0
2020-09-28 15:02:00+05:30,11228.5498046875,11228.5498046875,11223.099609375,11224.25,11224.25,0
2020-09-28 15:03:00+05:30,11224.25,11231.650390625,11224.25,11230.900390625,11230.900390625,0
2020-09-28 15:04:00+05:30,11229.900390625,11231.150390625,11223.5498046875,11229.4501953125,11229.4501953125,0
2020-09-28 15:05:00+05:30,11228.849609375,11236.2001953125,11228.849609375,11235.4501953125,11235.4501953125,0
2020-09-28 15:06:00+05:30,11235.5498046875,11235.5498046875,11229.7998046875,11232.5498046875,11232.5498046875,0
2020-09-28 15:07:00+05:30,11232.099609375,11232.650390625,11229.25,11231.4501953125,11231.4501953125,0
2020-09-28 15:08:00+05:30,11231.4501953125,11232.0498046875,11226.650390625,11230.849609375,11230.849609375,0
2020-09-28 15:09:00+05:30,11230.2001953125,11237.75,11230.2001953125,11237.75,11237.75,0
2020-09-28 15:10:00+05:30,11236.849609375,11237.2001953125,11228.25,11231.2001953125,11231.2001953125,0
2020-09-28 15:11:00+05:30,11231.75,11232.849609375,11228.900390625,11230.349609375,11230.349609375,0
2020-09-28 15:12:00+05:30,11230.400390625,11232.650390625,11228.5498046875,11229.7998046875,11229.7998046875,0
2020-09-28 15:13:00+05:30,11229.650390625,11235.099609375,11229.349609375,11234.849609375,11234.849609375,0
2020-09-28 15:14:00+05:30,11234.349609375,11235.0,11227.4501953125,11227.9501953125,11227.9501953125,0
2020-09-28 15:15:00+05:30,11226.4501953125,11228.650390625,11222.2998046875,11227.25,11227.25,0
2020-09-28 15:16:00+05:30,11227.25,11227.349609375,11222.2001953125,11222.9501953125,11222.9501953125,0
2020-09-28 15:17:00+05:30,11221.5498046875,11225.9501953125,11220.75,11224.25,11224.25,0
2020-09-28 15:18:00+05:30,11224.150390625,11225.25,11221.5,11224.099609375,11224.099609375,0
2020-09-28 15:19:00+05:30,11224.400390625,11229.0498046875,11223.25,11229.0498046875,11229.0498046875,0
2020-09-28 15:20:00+05:30,11227.849609375,11228.5,11222.7001953125,11224.75,11224.75,0
2020-09-28 15:21:00+05:30,11223.900390625,11235.150390625,11223.5498046875,11235.0,11235.0,0
2020-09-28 15:22:00+05:30,11234.5498046875,11235.099609375,11219.099609375,11222.7001953125,11222.7001953125,0
2020-09-28 15:23:00+05:30,11221.5,11225.0498046875,11221.25,11224.7998046875,11224.7998046875,0
2020-09-28 15:24:00+05:30,11224.650390625,11227.400390625,11224.25,11227.400390625,11227.400390625,0
2020-09-28 15:25:00+05:30,11227.0,11230.0,11224.7001953125,11229.849609375,11229.849609375,0
2020-09-28 15:26:00+05:30,11229.5498046875,11233.25,11228.900390625,11232.7001953125,11232.7001953125,0
2020-09-28 15:27:00+05:30,11232.7001953125,11238.2001953125,11232.650390625,11236.150390625,11236.150390625,0
2020-09-28 15:28:00+05:30,11237.25,11238.7998046875,11234.7001953125,11235.9501953125,11235.9501953125,0
2020-09-28 15:29:00+05:30,11235.5498046875,11238.349609375,11234.849609375,11238.349609375,11238.349609375,0
